id;street;number;suite;colonia;postal_code;city;state;country
1;Puente Puerta;Interacciones Amigable hack;Granito protocolo applications;Cine withdrawal Arquitecto;JSON supply-chains Pantalones;Antoniaview;Buckinghamshire;Egipto
2;Villegas Partida;Azul Credit Desarrollador;Islas;invoice;Berkshire Diseñador Somalia;Domínguezhaven;política;Italia
3;Sarabia Escalinata;Exclusivo;navigate override SMTP;Andalucía;Guilder;Vacaside;Producto Sopa;Mónaco
4;Jorge Sector;transmit;Rústico USB Programable;Bacon morph;override proyecto Taka;White Plains;state Savings;Ecuador
5;Débora Plaza;Administrador Borders Gambia;Tácticas calculate bus;calculate;boliviano;Sagunto Sofíabury;Sabroso Cuban;Brasil
6;Nava Plaza;Técnico Dinánmico Pound;firewall;Pizza;virtual;Albacete Diana;Ordenador;Nepal
7;Sevilla Rincón;Avon alianza;tiempo Nacional withdrawal;Plástico Inversor back;Proactivo;Mataró Luisaberg;Guapa;Samoa
8;Hidalgo Gran Subida;Factores;visionary Ladrillo Amarillo;Angola;Ladrillo Bricolaje;Emiliomouth;Azul Prolongación;Sierra Leona
9;Cristina Carretera;users SDD;Raton grow;Hormigon Especialista Algodón;Papelería;Liliatown;Informática deposit bus;Lituania
10;Norma Cuesta;Ladrillo;Galicia system;open-source Baleares;bypassing Filipinas;Alcarazmouth;Rojo sensor web-enabled;Mozambique
